,count,mean,std,min,25%,50%,75%,max
BMI,13020.0,23.704919854470717,4.782824852008139,13.208279744715963,20.40484429065744,22.537543753999024,25.825528007346193,44.984389348025715
Age,13020.0,16.148771121351768,1.221238126759352,12.0,15.0,16.0,17.0,18.0
weight,13020.0,1.004271267281106,0.8202252218452709,0.0106,0.3707,0.7926,1.4736,8.1301
