,Coefficient,Std. Error,t-value,p-value,95% CI Lower,95% CI Upper
Intercept,16.213886874311935,0.5280284278141244,30.706465826910968,5.751468472547828e-200,15.178873934129955,17.248899814493917
"C(Sex, Treatment(reference=""Female""))[T.Male]",0.7165587199252528,0.08016003736408885,8.939101620806706,4.446651911289258e-19,0.5594333236643741,0.8736841161861314
Age,0.4227037792576855,0.03282150465217275,12.878866576572472,1.0059827715907474e-37,0.3583688301492254,0.4870387283661456
